entity_id,claim_id,rank,property_id,datatype,datavalue,sampling_weight_vb,sampling_weight,entity_label,property_label,object_label,theme_entity_id,theme_entity_label,entity_desc,property_desc,object_desc,entity_alias,property_alias,object_alias,entity_label_lan,property_label_lan,object_label_lan,entity_desc_lan,property_desc_lan,object_desc_lan,entity_alias_lan,property_alias_lan,object_alias_lan,verbalisation,processed_verbalisation
Q23891354,Q23891354$9ba5c94b-4681-16b1-0016-2a439e4b01b5,normal,P1029,wikibase-item,"{'value': {'entity-type': 'item', 'numeric-id': 1878433, 'id': 'Q1878433'}, 'type': 'wikibase-entityid'}",35|8,4.375,Dalziel-Derani-Cumming,crew member(s),Pipo Derani,Q12973014,SportsTeam,sports car endurance racing team participating in the FIA World Endurance Championship,person(s) that participated operating or serving aboard this vehicle,Brazilian racing driver,"['Cumming-Dalziel-Derani', 'Extreme Speed #31', 'WEC 2016 #31']",['member of crew of'],"['Lu√≠s Felipe Derani', 'Derani, Luis Felipe', 'Derani, Pipo', 'Luis Felipe Derani']",en,en,en,en,en,en,en,en,en,Pipo Derani is a crew member of Dalziel-Derani-Cumming.,Pipo Derani is a crew member of Dalziel-Derani-Cumming.
Q1147190,Q1147190$DB3A1218-A4E8-4DE8-86CE-509AB756D530,normal,P17,wikibase-item,"{'value': {'entity-type': 'item', 'numeric-id': 55, 'id': 'Q55'}, 'type': 'wikibase-entityid'}",713|5,142.6,strained yogurt,country,Netherlands,Q2095,Food,dairy product,sovereign state of this item (not to be used for human beings),country in western Europe,"['Greek yogurt', 'yogurt cheese', 'labneh', 'chaka', 'chakka', 'suzma']","['sovereign state', 'state', 'land', 'host country']","['Holland', 'the Netherlands', 'NL', 'NED', 'Nederland', 'nl', 'üá≥üá±', 'Netherlands (after 1945)']",en,en,en,en,en,en,en,en,en,Strained yogurt is a dish from the Netherlands.,Strained yogurt is a dish from the Netherlands.
Q468077,Q468077$7893d515-4fdc-dbe6-295d-3cd78f1fdbce,normal,P512,wikibase-item,"{'value': {'entity-type': 'item', 'numeric-id': 4838817, 'id': 'Q4838817'}, 'type': 'wikibase-entityid'}",3869|7,552.7142857142857,Eleni Theocharous,academic degree,Bachelor of Philosophy,Q82955,Politician,Cypriot politician,academic degree that the person holds,academic degree,no-alias,"['degree', 'diploma', 'academic diploma']","['B.Phil.', 'B.Ph.', 'Ph.B.', 'PhB']",en,en,en,en,en,en,none,en,en,Eleni Theocharous has an academic degree of Bachelor of Philosophy.,Eleni Theocharous has an academic degree of Bachelor of Philosophy.
Q3914966,Q3914966$e4f31ab1-9f9d-4042-9dec-26d02d15921f,normal,P7959,wikibase-item,"{'value': {'entity-type': 'item', 'numeric-id': 67442940, 'id': 'Q67442940'}, 'type': 'wikibase-entityid'}",59|14,4.214285714285714,Earls Colne Airfield,historic county,Essex,Q1248784,Airport,airport in the United Kingdom,"traditional, geographical division of Great Britain and Ireland",historic county of England,['EGSR'],"['ancient or geographic county', 'traditional county', 'located in historic UK county', 'located in historic county of Ireland']",no-alias,en,en,en,en,en,en,en,en,none,Earls Colne Airfield is in the historic county of Essex.,Earls Colne Airfield is in the historic county of Essex.
Q45982518,Q45982518$F33CEA4F-A019-48F1-8978-7FCFB4043DCC,normal,P433,string,"{'value': '4', 'type': 'string'}",345|11,31.363636363636363,Acute MDMA and ethanol interaction effects on psychomotor performance.,issue,4,Q11173,ChemicalCompound,scientific article published in April 2007,"issue of a newspaper, a scientific journal or magazine for reference purpose",no-desc,no-alias,"['no.', 'number']",no-alias,en,en,en,en,en,none,none,en,none,Acute MDMA and ethanol interaction effects on psychomotor performance. Issue 4.,Acute MDMA and ethanol interaction effects on psychomotor performance. Issue 4.
Q1163753,Q1163753$D91F5D42-3D82-42BE-80E6-307D1BA68C5A,normal,P1343,wikibase-item,"{'value': {'entity-type': 'item', 'numeric-id': 3345156, 'id': 'Q3345156'}, 'type': 'wikibase-entityid'}",13305|7,1900.7142857142856,Daniele Manin,described by source,Nouvelle Biographie G√©n√©rale,Q82955,Politician,Italian politician (1804-1857),work where this item is described,"46 volumes, published 1852-1866",['Daniel Manin'],"['described in source', 'written about in', 'entry', 'subject of', 'described by encyclopedia', 'described by reference work', 'described by biography', 'reviewed in', 'source of item', 'described by obituary', 'mentioned in news article']","['Nouvelle Biographie Generale', 'Nouvelle Biographie universelle']",en,en,en,en,en,en,en,en,en,Daniele Manin is described by source in Nouvelle Biographie G√©n√©rale.,Daniele Manin is described by source in Nouvelle Biographie G√©n√©rale.
Q3703798,Q3703798$964b5093-4f9c-2d61-3cbb-c82eb9be4d15,normal,P1165,wikibase-item,"{'value': {'entity-type': 'item', 'numeric-id': 3968367, 'id': 'Q3968367'}, 'type': 'wikibase-entityid'}",78|5,15.6,Dawnstar,home world,Starhaven,Q1114461,ComicsCharacter,DC Comics character,home planet or natural satellite for a fictional character or species,fictional planet in the DC Universe,no-alias,"['homeworld', 'home planet']",no-alias,en,en,en,en,en,en,none,en,none,Dawnstar's home world is Starhaven.,Dawnstar's home world is Starhaven.
Q3704333,Q3704333$009e97d0-4801-9f9d-3191-60970ece2ac6,normal,P8345,wikibase-item,"{'value': {'entity-type': 'item', 'numeric-id': 537389, 'id': 'Q537389'}, 'type': 'wikibase-entityid'}",302|4,75.5,Death the Kid,media franchise,Soul Eater,Q1114461,ComicsCharacter,fictional character from Soul Eater,this creative work belongs to this media franchise,Japanese manga series,['Kid'],['media mix'],['SOUL EATER'],en,en,en,en,en,en,en,en,en,The media franchise Death the Kid is called Soul Eater.,The media franchise Death the Kid is called Soul Eater.
Q28111170,Q28111170$6DA3DA0A-B057-4295-AADA-2957576E9B12,normal,P217,string,"{'value': 'E362', 'type': 'string'}",101118|13,7778.307692307691,Zonsopgang,inventory number,E362,Q3305213,Painting,painting by G.H. Frauenfelder,identifier for a physical object or a set of physical objects in a collection,no-desc,no-alias,"['reference', 'accession number', 'shelfmark', 'call number', 'reference number', 'catalogue number', 'collection number', 'object number', 'local identifier', 'control number', 'loan number']",no-alias,nl,en,en,en,en,none,none,en,none,Zonsopgang has the inventory number E362.,Zonsopgang has the inventory number E362.
Q48246,Q48246$F6454928-2F01-4F8E-AEB9-072B5FB97659,normal,P463,wikibase-item,"{'value': {'entity-type': 'item', 'numeric-id': 684415, 'id': 'Q684415'}, 'type': 'wikibase-entityid'}",10088|6,1681.333333333333,Ernst Haeckel,member of,Bavarian Academy of Sciences and Humanities,Q483501,Artist,"German biologist, naturalist, philosopher, physician, and artist (1834-1919)","organization, club or musical group to which the subject belongs. Do not use for membership in ethnic or social groups, nor for holding a position such as a member of parliament (use P39 for that).",academy of sciences,"['Haeckel', 'Ernst Heinrich Philipp August Haeckel', 'Ernst Heinrich Haeckel']","['membership', 'band member of', 'be member of', 'member of musical group']",no-alias,en,en,en,en,en,en,en,en,none,Ernst Haeckel is a member of the Bavarian Academy of Sciences and Humanities.,Ernst Haeckel is a member of the Bavarian Academy of Sciences and Humanities.
Q72989234,Q72989234$eba32589-434c-7184-e892-b855ece43e6a,normal,P40,wikibase-item,"{'value': {'entity-type': 'item', 'numeric-id': 72989229, 'id': 'Q72989229'}, 'type': 'wikibase-entityid'}",158|4,39.5,Shizuka Takanashi,child,Kozue Takanashi,Q1114461,ComicsCharacter,Working!!'s character,subject has object as child. Do not use for stepchildren,Working!!'s character,no-alias,"['son', 'daughter', 'kid', 'has child', 'children', 'sons', 'daughters', 'kids', 'has children', 'has son', 'has sons', 'has daughter', 'has daughters', 'has kid', 'has kids', 'offspring', 'progeny', 'issue', 'parent of', 'descendants']",no-alias,en,en,en,en,en,en,none,en,none,Shizuka Takanashi is a child of Kozue Takanashi.,Shizuka Takanashi is a child of Kozue Takanashi.
Q29001836,Q29001836$d636ac90-4698-f1f9-32d9-c056ce462941,normal,P1343,wikibase-item,"{'value': {'entity-type': 'item', 'numeric-id': 26807819, 'id': 'Q26807819'}, 'type': 'wikibase-entityid'}",314|19,16.526315789473685,"Calle de la Victoria, Madrid",described by source,Los nombres de las calles de Madrid,Q79007,Street,"street in Madrid, Spain",work where this item is described,no-desc,no-alias,"['described in source', 'written about in', 'entry', 'subject of', 'described by encyclopedia', 'described by reference work', 'described by biography', 'reviewed in', 'source of item', 'described by obituary', 'mentioned in news article']",no-alias,en,en,en,en,en,none,none,en,none,"Los nombres de las calles de Madrid is the name given to Calle de la Victoria, Madrid.","Los nombres de las calles de Madrid is the name given to Calle de la Victoria, Madrid."
Q18786390,Q18786390$48633692-4fc9-97ad-4658-71a8bc24ae6a,normal,P1889,wikibase-item,"{'value': {'entity-type': 'item', 'numeric-id': 10690561, 'id': 'Q10690561'}, 'type': 'wikibase-entityid'}",1209|14,86.35714285714286,Tandonella,different from,Tandonella,Q16521,Taxon,genus of crustaceans,"item that is different from another item, with which it is often confused",genus of fungi,no-alias,"['different than', 'different to', 'is not', 'distinct from', 'not the same as', ""isn't"", 'distinguished from', 'to be distinguished from', 'disambiguated from', 'not same as', 'confused with', 'is different from', 'mistakenly taken for', 'differs from', 'differ from', 'often confused with', 'rejected match', 'not to be confused with', '‚â†', 'not equal to', 'is not the same as', 'do not confuse with', 'not identical to', 'different thing from', 'different entity from', 'is not same as', 'different entity than', 'different thing than']",no-alias,en,en,en,en,en,en,none,en,none,Tandonella is different from Tandonella.,Tandonella is different from Tandonella.
Q2714043,Q2714043$2892AD81-2008-453A-9048-C4703E466C70,normal,P1843,monolingualtext,"{'value': {'text': 'Five-fingered Skink', 'language': 'en'}, 'type': 'monolingualtext'}",116183|14,8298.785714285714,Chalcides pentadactylus,taxon common name,Five-fingered Skink,Q16521,Taxon,species of reptile,common or vernacular name of a biological taxon,no-desc,no-alias,"['vernacular name', 'common name']",no-alias,en,en,en,en,en,none,none,en,none,The common name of Chalcides pentadactylus is Five-fingered Skink.,The common name of Chalcides pentadactylus is Five-fingered Skink.
Q586904,Q586904$dac80c52-498c-7ffc-5cba-ec603bbe1e81,normal,P2769,quantity,"{'value': {'amount': '+3100000000', 'unit': 'http://www.wikidata.org/entity/Q173117'}, 'type': 'quantity'}",12|6,2.0,Federal University of Rio de Janeiro,budget,3100000000 Brazilian real,Q3918,University,university in Brazil,"assigned monetary amount for a project (for the estimated cost of a film, also commonly referred to as budget, use P2130)",Brazilian currency since 1994,"['UFRJ', 'University of Brazil', 'Universidade Federal do Rio de Janeiro', 'Universidade Federal do Rio de Janeiro (UFRJ)', 'University of Rio de Janeiro']",no-alias,"['BRL', 'R$', 'real', 'reais']",en,en,en,en,en,en,en,none,en,The Federal University of Rio de Janeiro has a budget of 3100000000 Brazilian real.,The Federal University of Rio de Janeiro has a budget of 3100000000 Brazilian real.
Q624072,Q624072$19AFA2F5-1876-4EF4-971C-428F07EE0FAE,normal,P1942,string,"{'value': 'Taej≈èn Taehakkyo', 'type': 'string'}",27|6,4.5,Daejeon University,McCune-Reischauer romanization,Taej≈èn Taehakkyo,Q3918,University,no-desc,romanization of Korean with the McCune-Reischauer system,no-desc,no-alias,no-alias,no-alias,en,en,en,none,en,none,none,none,none,Taej ‚Åá n Taehakkyo is romanized by McCune-Reischauer at Daejeon University.,Taej≈èn Taehakkyo is romanized by McCune-Reischauer at Daejeon University.
Q4661214,Q4661214$688be030-4808-fde6-c24e-950e830fa1da,normal,P20,wikibase-item,"{'value': {'entity-type': 'item', 'numeric-id': 986435, 'id': 'Q986435'}, 'type': 'wikibase-entityid'}",18275|7,2610.714285714286,Aage Kirkegaard,place of death,Nyk√∏bing Falster,Q2066131,Athlete,Danish field hockey player,"most specific known (e.g. city instead of country, or hospital instead of city) death location of a person, animal or fictional character",Danish city,no-alias,"['deathplace', 'died in', 'death place', 'POD', 'location of death', 'death location', 'killed in']",no-alias,en,en,en,en,en,en,none,en,none,Aage Kirkegaard died in Nyk ‚Åá bing Falster.,Aage Kirkegaard died in Nyk√∏bing Falster.
Q36071500,Q36071500$0E51CD39-B88C-4044-A3AB-AAA1FB9FF917,normal,P478,string,"{'value': '54', 'type': 'string'}",6934479|18,385248.83333333326,Chlorella viruses isolated in China.,volume,54,Q47461344,WrittenWork,scientific article,volume of a book or music release in a collection/series or a published collection of journal issues in a serial publication,no-desc,no-alias,"['volume of a book', 'volume of serial', 'vol.', 'tome']",no-alias,en,en,en,en,en,none,none,en,none,Chlorella viruses are isolated in China and have a volume of 54.,Chlorella viruses are isolated in China and have a volume of 54.
Q237046,Q237046$288829C0-D8D0-47C2-A8C6-462BC25F015C,normal,P1843,monolingualtext,"{'value': {'text': 'Dorade Royale', 'language': 'fr'}, 'type': 'monolingualtext'}",107|6,17.833333333333332,Sparus aurata,taxon common name,Dorade Royale,Q2095,Food,species of fish,common or vernacular name of a biological taxon,no-desc,"['gilt-head bream', 'Dorade', 'gilthead seabream']","['vernacular name', 'common name']",no-alias,en,en,fr,en,en,none,en,en,none,The common name of Sparus aurata is Dorade Royale.,The common name of Sparus aurata is Dorade Royale.
Q7196198,Q7196198$51FA9324-A14D-4069-9E49-E73F12DB72DD,normal,P1196,wikibase-item,"{'value': {'entity-type': 'item', 'numeric-id': 171558, 'id': 'Q171558'}, 'type': 'wikibase-entityid'}",3126|7,446.57142857142856,Pinkie C. Wilkerson,manner of death,accident,Q82955,Politician,American politician,"general circumstances of a person's death; e.g. natural causes, accident, suicide, homicide, etc.  Use 'cause of death' (P509) for the specific physiological mechanism, e.g. heart attack, trauma, pneumonia...","unforeseen and unplanned event or circumstance, often with a negative outcome",no-alias,"['death manner', 'death type', 'type of death', 'circumstance of death', 'nature of death']","['mishap', 'misadventure', 'misfortune']",en,en,en,en,en,en,none,en,en,Pinkie C. Wilkerson died in an accident.,Pinkie C. Wilkerson died in an accident.
Q61801712,Q61801712$9AF17257-14A3-4809-9844-1BA4352E5764,normal,P790,wikibase-item,"{'value': {'entity-type': 'item', 'numeric-id': 3532608, 'id': 'Q3532608'}, 'type': 'wikibase-entityid'}",16|7,2.2857142857142856,"Model Polytechnic College, Karunagappalli",approved by,All India Council for Technical Education,Q3918,University,Educational institute in Kerala approved by AICTE,item is approved by other item(s) [qualifier: statement is approved by other item(s)],"The statutory body and a national-level council for technical education, under Department of Higher Education, Ministry of Human Resource Development, India",no-alias,['erected by'],"['AICTE', 'Aicte']",en,en,en,en,en,en,none,en,en,"The Model Polytechnic College, Karunagappalli was approved by the All India Council for Technical Education.","The Model Polytechnic College, Karunagappalli was approved by the All India Council for Technical Education."
Q68812809,Q68812809$4BEFE634-DDC6-452B-90EC-63AA7E8B3759,normal,P1684,monolingualtext,"{'value': {'text': 'Wohnung der Gartendirektors 1747 von J. P. Heumann f√ºr C. von Hardenberg erbaut. Hier wohnten 1803-1804 der franz√∂sische General Mortier und Marschall Jean Baptiste Bernadotte, der sp√§tere schwedische K√∂nig Karl XIV. Johann', 'language': 'de'}, 'type': 'monolingualtext'}",4025|6,670.8333333333334,Stadttafel Wohnung der Gartendirektors,inscription,"Wohnung der Gartendirektors 1747 von J. P. Heumann f√ºr C. von Hardenberg erbaut. Hier wohnten 1803-1804 der franz√∂sische General Mortier und Marschall Jean Baptiste Bernadotte, der sp√§tere schwedische K√∂nig Karl XIV. Johann",Q4989906,Monument,"Memorial plaque in Hanover, Germany","inscriptions, markings and signatures on an object",no-desc,no-alias,"['legend', 'legenda', 'epigraph (inscription)', 'text of inscription']",no-alias,en,en,de,en,en,none,none,en,none,"The franz√∂sische General Mortier and Marschall Jean Baptiste Bernadotte, der latere schwedische K√∂nig Karl XIV. Johann, wohnten 1803-1804 in the Stadttafel, which has the inscription ""Apartment der Gartendirektors 1747 von J.P. Heumann f√ºr C. von Hardenberg erbaut"".","The franz√∂sische General Mortier and Marschall Jean Baptiste Bernadotte, der latere schwedische K√∂nig Karl XIV. Johann, wohnten 1803-1804 in the Stadttafel, which has the inscription ""Apartment der Gartendirektors 1747 von J.P. Heumann f√ºr C. von Hardenberg erbaut""."
Q632212,Q632212$9F9F57B3-C45D-4526-BBEB-BB0273F9D1BC,normal,P1552,wikibase-item,"{'value': {'entity-type': 'item', 'numeric-id': 5223550, 'id': 'Q5223550'}, 'type': 'wikibase-entityid'}",9|5,1.8,Storm,has quality,dark skin,Q1114461,ComicsCharacter,comic book character,the entity has an inherent or distinguishing non-material characteristic,human skin color,['Ororo Munroe'],"['trait', 'inherent property', 'attribute', 'aspect', 'defining feature', 'has feature', 'has characteristic', 'has property', 'characterized by', 'required property', 'quality', 'defining parameter', 'parameter', 'requirement', 'defined by']","['dark skin color', 'dark skin colour']",en,en,en,en,en,en,en,en,en,Storm has a dark skin.,Storm has a dark skin.
Q62815318,Q62815318$CCD4B1D9-6110-41E8-B3D8-0E2818FA5E28,normal,P156,wikibase-item,"{'value': {'entity-type': 'item', 'numeric-id': 62815325, 'id': 'Q62815325'}, 'type': 'wikibase-entityid'}",45299|16,2831.1875,(42669) 1998 HH33,followed by,(42670) 1998 HY35,Q6999,CelestialBody,asteroid,"immediately following item in a series of which the subject is a part [if the subject has been replaced, e.g. political offices, use ""replaced by"" (P1366)]",asteroid,no-alias,"['continued as', 'prequel of', 'succeded by', 'next is', 'precedes', 'sequel is', 'successor', 'preceeds', 'comes before', 'next', 'next element']",no-alias,en,en,en,en,en,en,none,en,none,(42669) 1998 HH33 is followed by (42670) 1998 HY35.,(42669) 1998 HH33 is followed by (42670) 1998 HY35.
Q17593755,Q17593755$E56AACE0-8889-449A-A160-814CF86EABAF,normal,P172,wikibase-item,"{'value': {'entity-type': 'item', 'numeric-id': 79797, 'id': 'Q79797'}, 'type': 'wikibase-entityid'}",9|7,1.2857142857142858,Gurgens Ivanjans,ethnic group,Armenians,Q11631,Astronaut,no-desc,"subject's ethnicity (consensus is that a VERY high standard of proof is needed for this field to be used. In general this means 1) the subject claims it themself, or 2) it is widely agreed on by scholars, or 3) is fictional and portrayed as such)",ethnic group native to the Armenian Highlands,no-alias,"['ethnicity', 'culture', 'people', '(cultural) nationality', 'race']",['Armenian people'],en,en,en,none,en,en,none,en,en,The ethnic group of Gurgens Ivanjans is Armenians.,The ethnic group of Gurgens Ivanjans is Armenians.
Q1970117,Q1970117$bc107a31-4a7b-653e-db58-f077c143d79f,normal,P112,wikibase-item,"{'value': {'entity-type': 'item', 'numeric-id': 56670793, 'id': 'Q56670793'}, 'type': 'wikibase-entityid'}",59|6,9.833333333333334,Salinas,founded by,Hildebrando A. Berenguer,Q515,City,"City & Municipality in Canelones, Uruguay","founder or co-founder of this organization, religion or place",Uruguayan writer,no-alias,"['co-founder', 'founders', 'established by', 'co-founded by', 'founder', 'started by']",no-alias,en,en,en,en,en,en,none,en,none,Hildebrando A Berenguer founded Salinas.,Hildebrando A Berenguer founded Salinas.
Q22703040,Q22703040$8C8636B7-5AA4-492B-9AC8-5990D386C1FA,normal,P1889,wikibase-item,"{'value': {'entity-type': 'item', 'numeric-id': 3227818, 'id': 'Q3227818'}, 'type': 'wikibase-entityid'}",338|17,19.88235294117647,Le Trident,different from,Le Trident,Q8502,Mountain,mountain in Switzerland,"item that is different from another item, with which it is often confused","theatre company in Cherburg, operating three theaters",no-alias,"['different than', 'different to', 'is not', 'distinct from', 'not the same as', ""isn't"", 'distinguished from', 'to be distinguished from', 'disambiguated from', 'not same as', 'confused with', 'is different from', 'mistakenly taken for', 'differs from', 'differ from', 'often confused with', 'rejected match', 'not to be confused with', '‚â†', 'not equal to', 'is not the same as', 'do not confuse with', 'not identical to', 'different thing from', 'different entity from', 'is not same as', 'different entity than', 'different thing than']",no-alias,en,en,en,en,en,en,none,en,none,Le Trident is different from Le Trident.,Le Trident is different from Le Trident.
Q1702994,q1702994$5050BCF3-8994-4944-8CF9-51E30FC9DB71,normal,P21,wikibase-item,"{'value': {'entity-type': 'item', 'numeric-id': 6581097, 'id': 'Q6581097'}, 'type': 'wikibase-entityid'}",133539|6,22256.5,Jonas Liauƒçius,sex or gender,male,Q82955,Politician,Lithuanian politician,"sex or gender identity of human or animal. For human: male, female, non-binary, intersex, transgender female, transgender male, agender. For animal: male organism, female organism. Groups of same gender use subclass of (P279)","to be used in ""sex or gender"" (P21) to indicate that the human subject is a male",no-alias,"['gender identity', 'gender expression', 'gender', 'biological sex', 'man', 'woman', 'male', 'female', 'intersex', 'sex']","['man', 'male person', 'male human', 'male gender', 'guy', 'm', 'human male', 'sterner sex', 'masc', 'men', 'boy', 'boys', '‚ôÇ']",en,en,en,en,en,en,none,en,en,Jonas Liau ‚Åá ius has a sex or gender of male.,Jonas Liauƒçius has a sex or gender of male.
Q29340567,Q29340567$8B9ED01D-EF4C-4453-9A6A-95B70C7B3804,normal,P1435,wikibase-item,"{'value': {'entity-type': 'item', 'numeric-id': 61058419, 'id': 'Q61058419'}, 'type': 'wikibase-entityid'}",3856|14,275.42857142857144,Sommeil de l'Enfant J√©sus,heritage designation,object listed as historical monument,Q3305213,Painting,no-desc,heritage designation of a cultural or natural site,French object listed as a Historical Monument by the French State,no-alias,"['designation', 'listing', 'listed status', 'protected status', 'protection', 'legal protection', 'heritage designation', 'heritage status']",no-alias,fr,en,en,none,en,en,none,en,none,Sommeil de l'Enfant J√©sus is listed as a historic monument.,Sommeil de l'Enfant J√©sus is listed as a historic monument.
Q134015,Q134015$a594cca0-5bdf-46ac-b678-1cc8d3a2e622,normal,P2067,quantity,"{'value': {'amount': '+30.5', 'unit': 'http://www.wikidata.org/entity/Q41803', 'upperBound': '+36.0', 'lowerBound': '+25.0'}, 'type': 'quantity'}",1360|15,90.66666666666669,meerkat,mass,30.5 gram,Q16521,Taxon,species of mongoose,mass (in colloquial usage also known as weight) of the item,unit of mass 1/1000th of a kilogram,"['suricate', 'Suricata suricatta', 'mierkat']","['weight', 'displacement']","['g', 'gm', 'gramme', 'grams']",en,en,en,en,en,en,en,en,en,The meerkat has a mass of 30.5 grams.,The meerkat has a mass of 30.5 grams.
Q1839300,Q1839300$BF2F8C98-6742-478A-9E98-EC2962F2E3F4,normal,P136,wikibase-item,"{'value': {'entity-type': 'item', 'numeric-id': 1273568, 'id': 'Q1273568'}, 'type': 'wikibase-entityid'}",9|5,1.8,Eefje Wentelteefje,genre,children's television series,Q1114461,ComicsCharacter,no-desc,creative work's genre or an artist's field of work (P101). Use main subject (P921) to relate creative works to their topic,"television programs designed for, and marketed to children",no-alias,"['music genre', 'film genre', 'artistic genre', 'literary genre', 'kind of music', 'type of film', 'genre of music', 'type of music']","[""children's TV series"", 'kids tv', 'kids TV series']",nl,en,en,none,en,en,none,en,en,Eefje Wentelteefje is a children's television series.,Eefje Wentelteefje is a children's television series.
Q78370845,Q78370845$9EEF22E4-71D9-4F98-A5ED-04792D833B30,normal,P881,wikibase-item,"{'value': {'entity-type': 'item', 'numeric-id': 66725273, 'id': 'Q66725273'}, 'type': 'wikibase-entityid'}",66046|16,4127.875,OGLE LMC570.23.006052,type of variable star,RR Lyrae variables w asymmetric light curves,Q6999,CelestialBody,no-desc,type of variable star,no-desc,no-alias,['variable type'],no-alias,en,en,en,none,en,none,none,en,none,OGLE LMC570.23.006052 is a variable star with asymmetric light curves and RR Lyrae variables.,OGLE LMC570.23.006052 is a variable star with asymmetric light curves and RR Lyrae variables.
Q5514956,Q5514956$2b0261a1-497f-7d27-1430-a7e56ae7da10,normal,P1365,wikibase-item,"{'value': {'entity-type': 'item', 'numeric-id': 5514901, 'id': 'Q5514901'}, 'type': 'wikibase-entityid'}",32|7,4.571428571428571,GWR 4073 Class,replaces,GWR 111 The Great Bear,Q334166,MeanOfTransportation,class of 171 four-cylinder 4-6-0 locomotives,"person, state or item replaced. Use ""structure replaces"" (P1398) for structures. Use ""follows"" (P155) if the previous item was not replaced or predecessor and successor are identical",class of 1 four-cylinder 4-6-2 locomotive,['GWR Castle class'],"['forefather', 'previous job holder', 'replaced', 'preceded by', 'succeeds', 'predecessor', 'supersedes', 'continues from', 'continues']",no-alias,en,en,en,en,en,en,en,en,none,The GWR 4073 Class replaces the GWR 111 The Great Bear.,The GWR 4073 Class replaces the GWR 111 The Great Bear.
Q97755277,Q97755277$13AE4420-98C3-4BF7-8CA7-7090DF2EA40F,normal,P50,wikibase-item,"{'value': {'entity-type': 'item', 'numeric-id': 18923356, 'id': 'Q18923356'}, 'type': 'wikibase-entityid'}",4228747|18,234930.3888888889,Utvecklande av valfriheten och m√•ngfalden i v√§lf√§rden,author,Jesper Skalberg Karlsson,Q47461344,WrittenWork,motion by Fredrik Schulte et al.. 2017,"main creator(s) of a written work (use on works, not humans); use P2093 when Wikidata item is unknown or does not exist",politician and Member of the parliament of Sweden,no-alias,"['written by', 'writer', 'writers', 'authors', 'author(s)', 'writer(s)', 'by', 'creator']",no-alias,sv,en,en,en,en,en,none,en,none,Jesper Skalberg Karlsson is the author of Utvecklande av valfriheten och m ‚Åá ngfalden i v√§lf√§rden.,Jesper Skalberg Karlsson is the author of Utvecklande av valfriheten och m√•ngfalden i v√§lf√§rden.
Q38097905,Q38097905$9b1c1139-44b5-adc4-43d9-1a577138770a,normal,P2321,wikibase-item,"{'value': {'entity-type': 'item', 'numeric-id': 552782, 'id': 'Q552782'}, 'type': 'wikibase-entityid'}",991|6,165.16666666666666,"2013 Eneco Tour, Stage 5",general classification of race participants,Sebastian Langeveld,Q334166,MeanOfTransportation,"Sittard-Geleen ‚Äî Sittard-Geleen, 13.2 km",classification of race participants,Dutch road bicycle racer,no-alias,['GC'],no-alias,en,en,en,en,en,en,none,en,none,"Sebastian Langeveld is the general classification of the 2013 Eneco Tour, Stage 5.","Sebastian Langeveld is the general classification of the 2013 Eneco Tour, Stage 5."
Q18942905,Q18942905$230C66D9-A783-4BAD-8B95-F9FB0854D86F,normal,P276,wikibase-item,"{'value': {'entity-type': 'item', 'numeric-id': 2322937, 'id': 'Q2322937'}, 'type': 'wikibase-entityid'}",36680|18,2037.7777777777771,Beekdal,location,Ulicoten,Q79007,Street,"street in Ulicoten, the Netherlands","location of the object, structure or event. In the case of an administrative entity as containing item use P131 for statistical entities P8138. In the case of a geographic entity use P706. Use P7153 for locations associated with the object.",human settlement in the Netherlands,no-alias,"['moveable object location', 'located in', 'event location', 'venue', 'is in', 'location of item', 'place held', 'based in', 'neighborhood', 'region', 'in', 'located', 'locality', 'locale']",no-alias,en,en,en,en,en,en,none,en,none,Beekdal is located in Ulicoten.,Beekdal is located in Ulicoten.
Q1960837,Q1960837$629849D5-4610-41CB-9DFA-D8141D19FEFF,normal,P945,wikibase-item,"{'value': {'entity-type': 'item', 'numeric-id': 34266, 'id': 'Q34266'}, 'type': 'wikibase-entityid'}",856|7,122.28571428571428,Aleksei Mikhailovich Abaza,allegiance,Russian Empire,Q82955,Politician,Russian admiral (1853-1915),country (or other power) that the person or organization serves,former empire in Eurasia (1721‚Äì1917) and North America (1721‚Äì1867),no-alias,"['fidelity', 'loyalty']","['Tsarist Russia', 'Imperial Russia', 'Russia', 'Empire of Russia']",en,en,en,en,en,en,none,en,en,Aleksei Mikhailovich Abaza's allegiance is the Russian Empire.,Aleksei Mikhailovich Abaza's allegiance is the Russian Empire.
Q8026242,Q8026242$a2547347-429d-5e36-97e3-90ff7442bf0e,normal,P529,string,"{'value': '05/23', 'type': 'string'}",1722|14,123.0,Winter Haven's Gilbert Airport,runway,05/23,Q1248784,Airport,"airport in Florida, United States of America",name (direction) of runway at airport/airfield/airstrip,no-desc,"['GIF', 'KGIF']",['RWY'],no-alias,en,en,en,en,en,none,en,en,none,The runway at Winter Haven's Gilbert Airport is 05/23.,The runway at Winter Haven's Gilbert Airport is 05/23.
Q2946099,Q2946099$3a937f1e-4437-1a0e-661c-ecf0860d7fc4,normal,P710,wikibase-item,"{'value': {'entity-type': 'item', 'numeric-id': 311005, 'id': 'Q311005'}, 'type': 'wikibase-entityid'}",21|6,3.5,University of Vincennes,participant,Alain Badiou,Q3918,University,experimental university built in 1968 in the Bois de Vincennes (Paris) and demolished in 1980,"person, group of people or organization (object) that actively takes/took part in an event or process (subject).  Preferably qualify with ""object has role"" (P3831). Use P1923 for participants that are teams.",French writer and philosopher,"['Universit√© de Vincennes', 'centre universitaire de Vincennes', 'Universite de Vincennes']","['participants', 'attendee', 'player', 'competitor', 'party', 'event participant', 'agent', 'belligerents', 'between', 'suspect', 'accused']",no-alias,en,en,en,en,en,en,en,en,none,Alain Badiou is a participant in the University of Vincennes.,Alain Badiou is a participant in the University of Vincennes.
Q74794470,Q74794470$011D5F7F-BD3E-4A7F-A682-972E972B4B9F,normal,P2093,string,"{'value': 'R Suzuki', 'type': 'string'}",27051861|18,1502881.166666667,Bull's-eye macular dystrophy associated with peripheral involvement,author name string,R Suzuki,Q47461344,WrittenWork,scientific article published on 01 January 1998,string to store unspecified author or editor name for publications; use if Wikidata item for author (P50) or editor (P98) does not exist or is not known,no-desc,no-alias,"['short author name', 'author string', 'songwriting credits string', 'creator name string', 'maker name string', 'editor name string', 'byline']",no-alias,en,en,en,en,en,none,none,en,none,R Suzuki is the author of Bull's eye macular dystrophy associated with peripheral involvement.,R Suzuki is the author of Bull's eye macular dystrophy associated with peripheral involvement.
Q29238920,Q29238920$321C8846-FCD5-4FA3-BFC9-6829E0025575,normal,P136,wikibase-item,"{'value': {'entity-type': 'item', 'numeric-id': 2864737, 'id': 'Q2864737'}, 'type': 'wikibase-entityid'}",38919|13,2993.769230769231,"Saint Michel, et son cadre",genre,religious art,Q3305213,Painting,no-desc,creative work's genre or an artist's field of work (P101). Use main subject (P921) to relate creative works to their topic,art that is religious in theme,no-alias,"['music genre', 'film genre', 'artistic genre', 'literary genre', 'kind of music', 'type of film', 'genre of music', 'type of music']","['religious heritage', 'sacred art', 'spiritual art']",fr,en,en,none,en,en,none,en,en,"Saint Michel, et son cadre is a genre of religious art.","Saint Michel, et son cadre is a genre of religious art."
Q66010655,Q66010655$F41B8D3A-2D88-424C-8F6E-39EB3B260AF7,normal,P528,string,"{'value': 'CAT. 17 16', 'type': 'string'}",617|6,102.83333333333331,T√™te d‚Äôun vieillard de l‚ÄôApocalypse,catalog code,CAT. 17 16,Q4989906,Monument,no-desc,"catalog name of an object, use with qualifier P972",no-desc,no-alias,"['astronomical catalog', 'register', 'opus number', 'catalogue code', 'catalog number', 'catalogue number', 'cat. no.']",no-alias,fr,en,en,none,en,none,none,en,none,T√™te d‚Äôun vieillard de l‚ÄôApocalypse has the catalog code CAT. 17 16.,T√™te d‚Äôun vieillard de l‚ÄôApocalypse has the catalog code CAT. 17 16.
Q6106177,Q6106177$4C79CF6F-1F45-4535-A463-7442B1606AC8,normal,P793,wikibase-item,"{'value': {'entity-type': 'item', 'numeric-id': 98925592, 'id': 'Q98925592'}, 'type': 'wikibase-entityid'}",5315|7,759.2857142857142,"J. James Marzilli, Jr.",significant event,1993-1994 Massachusetts legislature,Q82955,Politician,"politician in Massachusetts, US",significant or notable events associated with the subject,no-desc,"['Jim Marzilli', 'Marzilli, J. James Jr.', 'J. J. Marzilli', 'J. Marzilli']","['key event', 'key incident', 'significant incident', 'notable event', 'notable incident', 'major event', 'big event', 'main events', 'fate', 'outcome', 'event', 'known for', 'significant achievment', 'sign. event', 'important event']","['178th Massachusetts General Court', 'Massachusetts Legislature, 1993‚Äì1994', 'Massachusetts General Court of 1993‚Äì1994', 'Massachusetts 178th legislature (1993-1994)', '1993‚Äì1994 Massachusetts legislature', '1993-94 Massachusetts legislature']",en,en,en,en,en,none,en,en,en,"J. James Marzilli, Jr. was a significant event in the 1993-1994 Massachusetts legislature.","J. James Marzilli, Jr. was a significant event in the 1993-1994 Massachusetts legislature."
Q22252164,Q22252164$9875ABF8-0B7C-4E25-91C5-7B5CC7D6F1FA,normal,P608,wikibase-item,"{'value': {'entity-type': 'item', 'numeric-id': 56597028, 'id': 'Q56597028'}, 'type': 'wikibase-entityid'}",2161|14,154.35714285714286,Camping II,exhibition history,Raoul De Keyser (Hasselt 1973),Q3305213,Painting,painting by Raoul De Keyser,exhibitions where the item is or was displayed,art exhibition,no-alias,"['salon', 'exhibited at', 'shown at', 'displayed at', 'shown']",no-alias,nl,en,nl,en,en,en,none,en,none,Raoul De Keyser (Hasselt 1973) is the exhibition history of Camping II.,Raoul De Keyser (Hasselt 1973) is the exhibition history of Camping II.
Q1655471,Q1655471$9d4833bd-4a7e-eb48-ac96-614ca35aa124,normal,P421,wikibase-item,"{'value': {'entity-type': 'item', 'numeric-id': 5762, 'id': 'Q5762'}, 'type': 'wikibase-entityid'}",40|15,2.6666666666666665,College Park Airport,located in time zone,UTC‚àí04:00,Q1248784,Airport,"airport in College Park, Maryland, United States",time zone for this item,Identifier for a time offset from UTC of ‚àí4,"['CGS', 'KCGS']","['timezone', 'time zone', 'time', 'TZ']","['Eastern Caribbean Time', 'Atlantic Standard Time', 'Eastern Daylight Time', 'UTC-04:00', 'utc-4', 'UTC‚Äì4', 'UTC‚àí4', 'UTC-4']",en,en,en,en,en,en,en,en,en,College Park Airport is located in the time zone UTC ‚Åá 04:00.,College Park Airport is located in the time zone UTC‚àí04:00.
Q63953209,Q63953209$7be8b8a0-450d-7d5b-b118-1ffeefb3c3a1,normal,P19,wikibase-item,"{'value': {'entity-type': 'item', 'numeric-id': 1085, 'id': 'Q1085'}, 'type': 'wikibase-entityid'}",136275|6,22712.5,Hana ƒå√°pov√°,place of birth,Prague,Q483501,Artist,no-desc,"most specific known (e.g. city instead of country, or hospital instead of city) birth location of a person, animal or fictional character",capital city of the Czech Republic,['Hana Capova'],"['birthplace', 'born in', 'POB', 'birth place', 'location born', 'born at', 'birth location', 'location of birth', 'birth city']","['Praha', 'Hlavn√≠ mƒõsto Praha', 'City of Prague']",en,en,en,none,en,en,en,en,en,Hana  ‚Åá √°pov√° was born in Prague.,Hana Hana ƒå√°pov√°pov√° was born in Prague.
Q7895656,Q7895656$5D365141-CBBB-450A-8FF3-F8C583591B5F,normal,P6375,monolingualtext,"{'value': {'text': '224 Main St., Farmington, ME, 04938-9978', 'language': 'en'}, 'type': 'monolingualtext'}",361|6,60.16666666666666,University of Maine at Farmington,street address,"224 Main St., Farmington, ME, 04938-9978",Q3918,University,no-desc,"full street address where subject is located. Include building number, city/locality, post code, but not country. Use also P669 if the street has its own separate item",no-desc,"['UMF', 'UMaine Farmington']","['address', 'located at street address', 'physical address', 'mailing address', 'mail address', 'postal address']",no-alias,en,en,en,none,en,none,en,en,none,"224 Main St., Farmington, ME, 04938-9978 is the street address of the University of Maine at Farmington.","224 Main St., Farmington, ME, 04938-9978 is the street address of the University of Maine at Farmington."
Q17362191,Q17362191$fd9069c4-aa5c-4540-adaf-c8c4db65855c,normal,P119,wikibase-item,"{'value': {'entity-type': 'item', 'numeric-id': 10929372, 'id': 'Q10929372'}, 'type': 'wikibase-entityid'}",8265|6,1377.5,J√≥zef Korzeniowski,place of burial,Witomino Cemetary in Gdynia,Q483501,Artist,no-desc,"location of grave, resting place, place of ash-scattering, etc. (e.g., town/city or cemetery) for a person or animal. There may be several places: e.g., re-burials, parts of body buried separately.","cemetary in Gdynia, Poland",no-alias,"['burial place', 'resting place', 'place of grave', 'buried in', 'grave at', 'location of burial', 'tomb', 'interment', 'place of interment', 'buried at', 'burial location', 'interment place', 'interment location', 'entombed at', 'interred at', 'ashes scattered at', 'remains at']",no-alias,en,en,en,none,en,en,none,en,none,J√≥zef Korzeniowski was buried at Witomino Cemetary in Gdynia.,J√≥zef Korzeniowski was buried at Witomino Cemetary in Gdynia.
Q762243,Q762243$B0D4E5B2-6F26-4C8B-A4E3-0A0F68BD3533,normal,P281,string,"{'value': 'CH1 4BJ', 'type': 'string'}",357|6,59.5,University of Chester,postal code,CH1 4BJ,Q3918,University,"university in Chester, United Kingdom",identifier assigned by postal authorities for the subject area or building,no-desc,no-alias,"['post code', 'zip code', 'postcode', 'zipcode', 'ZIP+4', 'PIN Code', 'postal index number']",no-alias,en,en,en,en,en,none,none,en,none,The postal code of the University of Chester is CH1 4BJ.,The postal code of the University of Chester is CH1 4BJ.
Q2052806,Q2052806$F8EF327A-F827-41BD-B873-AFB4A0A3E6B5,normal,P2043,quantity,"{'value': {'amount': '+140', 'unit': 'http://www.wikidata.org/entity/Q11573'}, 'type': 'quantity'}",133|17,7.823529411764706,Basaltkegel Parkstein,length,140 metre,Q8502,Mountain,basalt pin in Germany,measured dimension of an object,SI unit of length,['Parkstein'],"['distance', 'dimension', 'size', 'long']","['m', 'meter', 'meters', 'metres', 'm√®tre']",en,en,en,en,en,en,en,en,en,Basaltkegel Parkstein has a length of 140 metres.,Basaltkegel Parkstein has a length of 140 metres.
Q99711601,Q99711601$7527BE62-DCA6-48CB-95C6-DA07BA6B21B8,normal,P50,wikibase-item,"{'value': {'entity-type': 'item', 'numeric-id': 42806485, 'id': 'Q42806485'}, 'type': 'wikibase-entityid'}",4228747|18,234930.3888888889,Insights on the Structural and Metabolic Resistance of Potato (Solanum tuberosum) Cultivars to Tuber Black Dot (Colletotrichum coccodes),author,Julien Boccard,Q47461344,WrittenWork,scientific article published on 20 August 2020,"main creator(s) of a written work (use on works, not humans); use P2093 when Wikidata item is unknown or does not exist",researcher,no-alias,"['written by', 'writer', 'writers', 'authors', 'author(s)', 'writer(s)', 'by', 'creator']",no-alias,en,en,en,en,en,en,none,en,none,Julien Boccard is the author of Insights on the Structural and Metabolic Resistance of Potato (Solanum tuberosum) Cultivars to Tuber Black Dot (Colletotrichum coccodes).,Julien Boccard is the author of Insights on the Structural and Metabolic Resistance of Potato (Solanum tuberosum) Cultivars to Tuber Black Dot (Colletotrichum coccodes).
Q839206,Q839206$15658950-4b98-1873-40ef-272c9876ec8d,normal,P1705,monolingualtext,"{'value': {'text': 'Â∑¶ÂÆóÊ£†Èõû', 'language': 'zh-hant'}, 'type': 'monolingualtext'}",123|6,20.5,General Tso's chicken,native label,Â∑¶ÂÆóÊ£†Èõû,Q2095,Food,North American Chinese sweet deep-fried chicken dish,label for item in its official or original language,no-desc,no-alias,"['name in original language', 'name in official language', 'label in original language', 'label in official language', 'autonym']",no-alias,en,en,zh-hant,en,en,none,none,en,none,General Tso's chicken has the native label  ‚Åá.,General Tso's chicken has the native label Â∑¶ÂÆóÊ£†Èõû.
Q12693708,Q12693708$7b6f9528-4dd1-e117-9a03-cf5359c02d36,normal,P138,wikibase-item,"{'value': {'entity-type': 'item', 'numeric-id': 4191, 'id': 'Q4191'}, 'type': 'wikibase-entityid'}",1199|14,85.64285714285714,Luzern-Beromunster Airport,named after,Lucerne,Q1248784,Airport,airport in Switzerland,"entity or event that inspired the subject's name, or namesake (in at least one language). Qualifier ""applies to name"" (P5168) can be used to indicate which one","city on Lake Lucerne, in central Switzerland",['LSZO'],"['eponym', 'named for', 'namesake', 'etymology', 'toponym', 'name after', 'named in honor of', 'linked with']","['Luzern', 'Lucerne, Switzerland', 'Lucerne LU']",en,en,en,en,en,en,en,en,en,Luzern-Beromunster Airport is named after Lucerne.,Luzern-Beromunster Airport is named after Lucerne.
Q724552,Q724552$C62D9763-4592-4804-87C5-45CDC4465787,normal,P2873,quantity,"{'value': {'amount': '+95663', 'unit': 'http://www.wikidata.org/entity/Q7727'}, 'type': 'quantity'}",137|7,19.571428571428573,Jim Wetherbee,time in space,95663 minute,Q11631,Astronaut,American astronaut,time in space by an astronaut or cosmonaut,unit of time,no-alias,"['space exposure', 'logged space hours']","['min', 'mins', 'minutes']",en,en,en,en,en,en,none,en,en,Jim Wetherbee spent 95663 minutes in space.,Jim Wetherbee spent 95663 minutes in space.
Q35033268,Q35033268$18A3A506-4CD6-40D8-B6CA-10B631DD5A7A,normal,P2860,wikibase-item,"{'value': {'entity-type': 'item', 'numeric-id': 34514083, 'id': 'Q34514083'}, 'type': 'wikibase-entityid'}",49471315|18,2748406.388888889,Acute leukemia: a pediatric perspective.,cites work,Pediatric non-Hodgkin's lymphoma: clinical and biologic prognostic factors and risk allocation.,Q47461344,WrittenWork,scientific article,citation from one creative work to another,scientific article,no-alias,"['bibliographic citation', 'citation']",no-alias,en,en,en,en,en,en,none,en,none,Acute leukemia: a pediatric perspective cites work on Pediatric non-Hodgkin's lymphoma: clinical and biologic prognostic factors and risk allocation.,Acute leukemia: a pediatric perspective cites work on Pediatric non-Hodgkin's lymphoma: clinical and biologic prognostic factors and risk allocation.
Q63298499,Q63298499$9EA69100-9860-4324-8B53-F9E9195B5B79,normal,P156,wikibase-item,"{'value': {'entity-type': 'item', 'numeric-id': 63298502, 'id': 'Q63298502'}, 'type': 'wikibase-entityid'}",45299|16,2831.1875,(203243) 2001 OP64,followed by,(203244) 2001 ON100,Q6999,CelestialBody,asteroid,"immediately following item in a series of which the subject is a part [if the subject has been replaced, e.g. political offices, use ""replaced by"" (P1366)]",asteroid,no-alias,"['continued as', 'prequel of', 'succeded by', 'next is', 'precedes', 'sequel is', 'successor', 'preceeds', 'comes before', 'next', 'next element']",no-alias,en,en,en,en,en,en,none,en,none,(203243) 2001 OP64 was followed by (203244) 2001 ON100.,(203243) 2001 OP64 was followed by (203244) 2001 ON100.
Q7327,Q7327$80D113EB-0B63-4CE7-A5A3-AADAE7D980DD,normal,P20,wikibase-item,"{'value': {'entity-type': 'item', 'numeric-id': 4325894, 'id': 'Q4325894'}, 'type': 'wikibase-entityid'}",30|7,4.285714285714286,Yuri Gagarin,place of death,Novosyolovo,Q11631,Astronaut,"Soviet pilot and cosmonaut, first human in space (1934-1968)","most specific known (e.g. city instead of country, or hospital instead of city) death location of a person, animal or fictional character","human settlement in Kirzhachsky District, Vladimir Oblast, Russia","['Yuri Alekseyevich Gagarin', 'Yuri Alexeyevich Gagarin', 'Yury Alekseyevich Gagarin', 'Yury Gagarin']","['deathplace', 'died in', 'death place', 'POD', 'location of death', 'death location', 'killed in']",no-alias,en,en,en,en,en,en,en,en,none,Yuri Gagarin died in Novosyolovo.,Yuri Gagarin died in Novosyolovo.
Q35257667,Q35257667$3C719C74-AF36-4065-B840-3A95B47EB23B,normal,P1889,wikibase-item,"{'value': {'entity-type': 'item', 'numeric-id': 61723715, 'id': 'Q61723715'}, 'type': 'wikibase-entityid'}",1199|14,85.64285714285714,Flying S Air Ranch Airport,different from,Flying S Ranch Aerodrome,Q1248784,Airport,Airport in Texas,"item that is different from another item, with which it is often confused",Airport in North Dakota,['Flying S Air Ranch Aerodrome'],"['different than', 'different to', 'is not', 'distinct from', 'not the same as', ""isn't"", 'distinguished from', 'to be distinguished from', 'disambiguated from', 'not same as', 'confused with', 'is different from', 'mistakenly taken for', 'differs from', 'differ from', 'often confused with', 'rejected match', 'not to be confused with', '‚â†', 'not equal to', 'is not the same as', 'do not confuse with', 'not identical to', 'different thing from', 'different entity from', 'is not same as', 'different entity than', 'different thing than']",no-alias,en,en,en,en,en,en,en,en,none,Flying S Air Ranch Airport is different from Flying S Ranch Aerodrome.,Flying S Air Ranch Airport is different from Flying S Ranch Aerodrome.
Q3447318,Q3447318$DA066EF7-86C7-4F3D-9131-177051548035,normal,P2043,quantity,"{'value': {'amount': '+1780', 'unit': 'http://www.wikidata.org/entity/Q11573', 'upperBound': '+1780', 'lowerBound': '+1780'}, 'type': 'quantity'}",3130|18,173.88888888888889,rue Cardinet,length,1780 metre,Q79007,Street,"street in Paris, France",measured dimension of an object,SI unit of length,no-alias,"['distance', 'dimension', 'size', 'long']","['m', 'meter', 'meters', 'metres', 'm√®tre']",en,en,en,en,en,en,none,en,en,The length of rue Cardinet is 1780 metres.,The length of rue Cardinet is 1780 metres.
Q1707696,Q1707696$9A4F55E9-26A2-4666-8019-D1AB71FBE277,normal,P102,wikibase-item,"{'value': {'entity-type': 'item', 'numeric-id': 7320, 'id': 'Q7320'}, 'type': 'wikibase-entityid'}",1983|6,330.5,Joseph Neuh√§user,member of political party,National Socialist German Workers' Party,Q483501,Artist,German composer,the political party of which this politician is or has been a member or otherwise affiliated,Adolf Hitler's far-right fascist party in Germany between 1920 and 1945,no-alias,"['party', 'member of', 'member of party', 'party membership', 'political party member', 'political party']","['Nationalsozialistische Deutsche Arbeiterpartei', 'NSDAP', 'Nazis', 'Nazi Party']",en,en,en,en,en,en,none,en,en,Joseph Neuh√§user is a member of the National Socialist German Workers' Party.,Joseph Neuh√§user is a member of the National Socialist German Workers' Party.
Q93967542,Q93967542$9CEB5F2B-5BA3-4EBB-9864-B3B15DC64951,normal,P1215,quantity,"{'value': {'amount': '+9.426', 'unit': '1', 'upperBound': '+9.448', 'lowerBound': '+9.404'}, 'type': 'quantity'}",6627627|15,441841.8,CD-55 9106,apparent magnitude,9.426,Q6999,CelestialBody,star in the constellation Grus,"measurement of the brightness of an astronomic object, as seen from the Earth",no-desc,no-alias,no-alias,no-alias,en,en,en,en,en,none,none,none,none,CD-55 9106 has an apparent magnitude of 9.426.,CD-55 9106 has an apparent magnitude of 9.426.
Q2739134,Q2739134$CABA1599-602A-4727-AB36-2BBC0F8CA40E,normal,P473,string,"{'value': '541', 'type': 'string'}",3240|5,648.0,Richland,local dialing code,541,Q515,City,"city in Oregon, USA",identifier dedicated to subject city by the area communication network,no-desc,"['Richland, Oregon']","['local calling code', 'telephone numbering plan', 'STD code', 'telephone code', 'telephone prefix', 'dialling code', 'area code', 'local dialling code']",no-alias,en,en,en,en,en,none,en,en,none,Richland has the local dialing code 541.,Richland has the local dialing code 541.
Q105067149,Q105067149$991C48E5-BF5D-4B08-9ECC-7E35A5A58186,normal,P6507,string,"{'value': '(McAlpine) R.G.Shivas & V√°nky', 'type': 'string'}",6852|14,489.4285714285714,Sporisorium setariae,taxon author citation,(McAlpine) R.G.Shivas & V√°nky,Q16521,Taxon,Species of fungus,"valid author citation for a taxon using the appropriate nomenclature (ICBN, ICZN, ect.)",no-desc,no-alias,['author citation for this taxon'],no-alias,en,en,en,en,en,none,none,en,none,Sporisorium setariae is a taxon author of (McAlpine) R.G.Shivas & V√°nky.,Sporisorium setariae is a taxon author of (McAlpine) R.G.Shivas & V√°nky.
Q20821349,Q20821349$9f0ea229-4c5e-904e-4f5a-beb603e55b3f,normal,P119,wikibase-item,"{'value': {'entity-type': 'item', 'numeric-id': 11691249, 'id': 'Q11691249'}, 'type': 'wikibase-entityid'}",1461|8,182.625,Czes≈Çaw Ku≈õmirek,place of burial,"Lipowa Street cemetery, Lublin",Q2066131,Athlete,Polish athletics competitor,"location of grave, resting place, place of ash-scattering, etc. (e.g., town/city or cemetery) for a person or animal. There may be several places: e.g., re-burials, parts of body buried separately.","cemetery in Lublin, Poland",no-alias,"['burial place', 'resting place', 'place of grave', 'buried in', 'grave at', 'location of burial', 'tomb', 'interment', 'place of interment', 'buried at', 'burial location', 'interment place', 'interment location', 'entombed at', 'interred at', 'ashes scattered at', 'remains at']",no-alias,en,en,en,en,en,en,none,en,none,"The place of burial of Czes ‚Åá aw Ku ‚Åá mirek is Lipowa Street Cemetery, Lublin.","The place of burial of Czes≈Çaw Ku≈õmirek is Lipowa Street Cemetery, Lublin."
